{
  "cv_best_params": {
    "model__colsample_bytree": 1.0,
    "model__gamma": 0,
    "model__learning_rate": 0.01,
    "model__max_depth": 2,
    "model__min_child_weight": 1,
    "model__n_estimators": 400,
    "model__reg_alpha": 0.1,
    "model__reg_lambda": 1.0,
    "model__subsample": 1.0
  },
  "cv_best_score_roc_auc": 0.8366857850009157,
  "run_id": "20251212_084334_485aa7ea",
  "test_metrics": {
    "accuracy": 0.7512437810945274,
    "classification_report": "              precision    recall  f1-score   support\n\n           0     0.7956    0.6957    0.7423       414\n           1     0.7149    0.8103    0.7596       390\n\n    accuracy                         0.7512       804\n   macro avg     0.7553    0.7530    0.7509       804\nweighted avg     0.7565    0.7512    0.7507       804\n",
    "confusion_matrix": [
      [
        288,
        126
      ],
      [
        74,
        316
      ]
    ],
    "f1": 0.7596153846153846,
    "pr_auc": 0.810657465259933,
    "roc_auc": 0.8456583673974979
  },
  "timestamp_utc": "2025-12-12T08:44:05Z"
}