{
  "cv_best_params": {
    "model__colsample_bytree": 0.75,
    "model__gamma": 0,
    "model__learning_rate": 0.01,
    "model__max_depth": 4,
    "model__min_child_weight": 10,
    "model__n_estimators": 400,
    "model__reg_alpha": 0.1,
    "model__reg_lambda": 5.0,
    "model__subsample": 0.6
  },
  "cv_best_score_roc_auc": 0.8484091608761132,
  "run_id": "20251212_083135_7dad4fce",
  "test_metrics": {
    "accuracy": 0.8128113879003559,
    "classification_report": "              precision    recall  f1-score   support\n\n           0     0.8450    0.9129    0.8776      1033\n           1     0.6886    0.5349    0.6021       372\n\n    accuracy                         0.8128      1405\n   macro avg     0.7668    0.7239    0.7399      1405\nweighted avg     0.8036    0.8128    0.8047      1405\n",
    "confusion_matrix": [
      [
        943,
        90
      ],
      [
        173,
        199
      ]
    ],
    "f1": 0.6021180030257186,
    "pr_auc": 0.6743295712170966,
    "roc_auc": 0.8556844559639427
  },
  "timestamp_utc": "2025-12-12T08:32:04Z"
}